"id","slug","title","teaser","description","address","city_id","phone","num_stars","image_id","created_at","updated_at","user_reservation_id"
1,"overlook-europa","Overlook Europa","Overnat blot få skridt fra hovedbanegården, lige i hjertet af bystemningen og ved siden af shoppinggaderne. HAK restaurant og bar lever og ånder for kreativiteten, hvor musik og fotoudstillinger i kombination med fantastiske mennesker skaber et skønt underholdningssted.","HAK restaurant og bar sætter tonen for vores hotel, med dens indbydende hotelbar, sociale sammenkomster, kunstudstillinger samt lækre og opfindsomme menu. Kom og spis her, eller besøg vores bar. Dagen efter kan du svømme et par omgange i vores pool, træne i vores fitnessrum eller slappe af i vores sauna, før du begiver dig ud i byen. Du kan tage en pause fra det daglige trummerum på kontoret, og booke et møde i ét af vores 12 mødelokaler. Vi hjælper dig med at tilføje et overraskelseselement med en lækker kaffepause, frokost eller måske middag som en afslutning på det hele.

Fra Overlook Europa er du i gåafstand til det pulserende shoppingcentrum i Nordstan, samt de mere stille, brostensbelagte gader med caféer og eksklusive butikker. Uden for vores hotel kan du tage sporvogn nr. 5 direkte til Gøteborgs mest underholdende kvarter med forlystelsesparken Liseberg, forskningscentret Universeum og Verdenskulturmuseet i en og samme gade. Hvis du stadig har overskud, ligger Avenyn kun 10 minutter fra vores hotel med butikker, caféer og restauranter samt størstedelen af Gøteborgs natteliv. Når det er tid til at rejse, ligger hovedbanegården lige over for vores hotel, hvor du finder lufthavnstransport til Landvetter lufthavn.","Nils Ericsonsgatan 21",1,"+46 31 7516500",5,22,"2023-08-11 13:38:28","2023-08-11 13:38:28",NULL
3,"overlook-crown","Overlook Crown","Bare et stenkast fra hovedbanegården er dette det ideelle udgangspunkt til at udforske byen. Vi har fleksible mødefaciliteter, og der er nem adgang til Svenska Mässan. Efter en hektisk dag kan du sætte dig i spaen og nyde den imponerende udsigt.","Nyd en lækker frokostbuffet i vores restaurant Kronan Bar & Matsal, når det er tid til en pause fra dit arbejde i én af vores 26 mødefaciliteter. Om aftenen serverer vi en à la carte-menu, og efter middagen kan du slappe af i en af vores komfortable lænestole i baren. Hvis du føler, at det er blevet til lidt for meget, kan du råde bod på det på løbebåndet i fitnessrummet og derefter slappe af i saunaen eller sætte dig i spaen for at nyde den imponerende udsigt fra relaxafdelingen.

Overlook Crown er det ideelle udgangspunkt til at udforske alle byens hjørner. ""Shop'til you drop"" i Nordstan indkøbscenter, se en kamp på Scandinavium, eller oplev en koncert på Ullevi stadion. Prøv en forlystelse i Liseberg forlystelsespark, og glem ikke at sige hej til Lisebergs kaniner. Hvis du føler trang til lidt frisk vestkystluft, kan du bare tage sporvognen til Saltholmen færgeterminal. Der venter havet på dig, med Gøteborgs holme og skær.","Polhemsplatsen 3",1,"+46 31 751 51 00",3,23,"2023-08-11 13:38:28","2023-08-11 13:38:28",NULL
4,"overlook-grand-central","Overlook Grand Central","Vores New York-inspirerede hotel med en karakteristisk musikprofil. Sammen med Vasateatret er dette et enestående hotel med 391 værelser, koncerter, shows, restauranter og barer i centrum af byen.","I en af Stockholms mest urbane dele, hvor bylivet aldrig sover, finder du et lille stykke af New York. Fornem historien i væggene i denne prægtige bygning fra 1885, som tager sin inspiration fra teatrene og scenerne i dette kulturrige område. Det er et naturligt midtpunkt for events og sociale arrangementer.

Vores hotels helt eget teater, Vasateatret, er et storslået sted, hvor både svenske og internationale kunstnere optræder. Oplev det sidste nye, som Stockholm har at byde på, hvad angår musik og kultur. Det er også de ideelle omgivelser til alle slags events, fra koncerter og filmpremierer til konferencer og andre kulturelle forestillinger. Teatret har 800 ståpladser (470 siddepladser), og vores hotel tilbyder fleksible møde- og konferencelokaler til op til 100 deltagere.

Der sker altid noget på vores hotel. En energisk atmosfære i vores bar skaber rammerne. Restaurant Teaterbrasseriet tilbyder klassiske svenske retter med et twist, og i Teaterbaren mestrer vores barteam kunsten at mixe cocktails. De forskellige scener på vores hotel fyldes flere dage om ugen med alt fra akustiske optrædender til DJ-gigs, både store og små. En urban musikstil er med til at skabe stemningen blandt vores gæster. Fotografisk kunst og designudstillinger er også attraktioner, der er at finde overalt på vores hotel.

Denne klassiske bygning, som ligger centralt på hjørnet af Vasagatan og Kungsgatan, er hele 130 år gammel. Tog, bus, metro og Arlanda Express ligger blot få minutter derfra. Det samme gør underholdning, kultur, seværdigheder og hovedstadens bedste shopping.","Kungsgatan 70",2,"+46 8 512 520 00",3,24,"2023-08-11 13:38:28","2023-08-11 13:38:28",NULL
5,"haymarket-by-overlook","Haymarket By Overlook","Vores statelige indgang på Hötorget byder alle velkomne til at træde ind i en æra med 1920'ernes optimisme og elegance. Her i den historiske PUB-bygning kan du bo blandt torvemarkeder, biografer og musikhuse, inden for gåafstand af både hovedbanegården og den trendy Stureplan.","Vores restauranter er særklasse, med noget til feinschmeckere og festgæster, frokostgæster, kaffeelskende vinduesshoppere, entreprenører, der er ""væk fra kontoret"" samt krævende eventarrangører. Vores fleksible eventslokale kan være vært for alt fra modeshows, filmpremierer og store nytårsfestligheder. Interiøret kan nemt tilpasses fra mødelokale til et stort, åbent område til at skabe unikke events og sociale sammenkomster. Vi har også en lille biograf med mørkerøde, fløjlslænestole til unikke møder.

Bygningens originale karaktertræk, hvor Greta Garbo arbejdede i 1920'erne, er blevet omhyggeligt bevaret, gendannet eller genfortolket til de kommende 2020'ere. Den magiske og filmagtige fornemmelse står i stærk modsætning til de moderne og kosmopolitiske karaktertræk, hvilket skaber en ekstraordinær designoplevelse.

Vores hotel ligger midt i centrum, ved siden af biografer, torvemarkeder og markedshaller. Det blå musikhus i klassisk svensk stil fra 1920'erne er lige overfor. Shoppinggaderne Kungsgatan og Drottninggatan er også lige udenfor, fyldt med butikker, restauranter og caféer. Vælg enten metroen eller busserne lige uden for vores dør, eller nyd en kort gåtur til Stureplans natteliv.

Har du hørt udtrykket ""de lokale ved bedst""? Hvis du virkelig ønsker at finde disse skjulte guldkorn og give din weekend det lille ekstra, så er lidt hjælp ikke af vejen. Haymarkets livsstilsconcierge giver dit ophold det lille ekstra ved at hjælpe dig med at få bord på de hotteste restauranter, finde de der limited edition-solbriller, give dig adgang til en natklub, eller hvad du ellers kunne ønske. Tal med receptionen for yderligere oplysninger.","Hötorget 13-15",2,"+46 8 517 26 700",5,25,"2023-08-11 13:38:28","2023-08-11 13:38:28",NULL
6,"overlook-portalen","Overlook Portalen","Når du bor her, er du tæt på offentlig transport, så du kan komme rundt i Jönköping. Tag en tur til Visingsö, og gå ikke glip af Tändsticksområdet med butikker, gallerier og museer. Efter en dag fyldt med oplevelser kan du slappe af i vores Sky Sauna.","Slap af i vores Sky Sauna med udsigt over Jönköping eller i Nordic Wellness, som ligger ved siden af med direkte adgang fra vores hotel. Vi arbejder sammen med Karlssons Salonger, hvor du kan nyde fremragende måltider. Vi tilbyder mødefaciliteter på vores hotel og frit trådløst internet. Du kan også låne en cykel fra receptionen og udforske Jönköping og dens omkringliggende områder.

Overlook Portalen ligger midt i Jönköping Centrum, blot få minutter fra shoppingområder og populære seværdigheder. Gå ikke glip af et besøg til Tändsticksområdet med dets museer eller søen Vättern, med Jönköpings smukke landskab. Når du bor hos os på Overlook Portalen, er du også tæt på golfbaner og skibakker.","Barnarpsgatan 6",4,"+46 36 5854200",4,26,"2023-08-11 13:38:28","2023-08-11 13:38:28",NULL
7,"overlook-grand-marina","Overlook Grand Marina","Dette komfortable og renoverede hotel ligger ved havet i det idylliske Katajanokka lige ved siden af Salutorvet og Helsinki centrum. Der er masser af parkeringspladser.","Hotellet ligger i en smuk lagerbygning fra begyndelsen af 1900-tallet og har store værelser, en fredfyldt atmosfære og moderne mødelokaler. De fleste af værelserne og lobbyområderne har for nylig gennemgået en stilfuld renovation. Store, bueformede vinduer og høje lofter giver en rummelig og lys atmosfære i lobbyen, restauranten og baren. Om sommeren kan gæsterne også nyde vores store terrasse. Foruden hotellets egne mødefaciliteter tilbyder det tilstødende Marina Congress Center rammerne til events og funktioner for op til 2.500 personer. Der er masser af parkeringspladser lige uden for hotellet og i garagen. Hotellet tilbyder WiFi, fitnessrum, sauna og en døgnåben shop. Du kan låne en cykel eller stave til stavgang i receptionen.

Hotellet ligger tæt på Helsinki centrum ved havet i det idylliske Kajanokka ved siden af Helsinki SkyWheel, Allas Sea Pool, Uspenski domkirke og Salutorvet. Hotellet er et fremragende udgangspunkt til at se byens seværdigheder, bruge lidt tid på at shoppe eller opleve byens restauranter og natteliv. Du kan nemt komme fra det nærliggende Salutorvet til det omkringliggende øhav og fæstningen Suomenlinna.","Katajanokanlaituri 7",5,"+358 9 1666 1",5,27,"2023-08-11 13:38:28","2023-08-11 13:38:28",NULL
8,"overlook-seurahuone-helsinki","Overlook Seurahuone Helsinki","Et stilfuldt hotel i centrum af Helsinki. Seurahuones fascinerende historie inspirerer til eventyr i centrum af hovedstaden. Sov og spis godt i den luksuriøse atmosfære på det hyggelige hotel med en perfekt beliggenhed tæt på byens mange tilbud.","Hvis du sætter pris på stemning, historie og en praktisk beliggenhed ved siden af alle byens tilbud, er Hotel Seurahuone det rette valg. Dette fantastiske sted, hvor du kan slappe af midt i travle Helsinki, kan prale af en historie, der går mere end 180 år tilbage, luksuriøse, indbydende og veludstyrede værelser samt et værelsesudvalg, som dækker ethvert behov.

Nyd en morgenmadsbuffet og en lækker frokost og middag i den enkle, men elegante, atmosfære i hotellets brasserieinspirerede restaurant. I vores bar kan du fornemme fortidens luksuriøse atmosfære og mødes med venner til en forfriskende cocktail eller et glas vin.

Der er fri WiFi på hele hotellet.

Det er nemt at komme til og fra hotellet, der ligger i centrum af Helsinki. Hovedstadens kunstmuseer, shoppingcentre, restauranter med mere garanterer et besøg fyldt med seværdigheder og oplevelser!

Al offentlig transport er lettilgængelig. Sporvognstop lige foran hotellet. Helsinki banegård og metrostation ligger lige på den anden side af gaden, og Kamppi busstation er en kort gåtur væk.","Kaivokatu 12",5,"+358 9 6899 9035",3,28,"2023-08-11 13:38:28","2023-08-11 13:38:28",NULL
9,"overlook-rauma","Overlook Rauma","Det komfortable hotel med fuld service ligger ved siden af byens centrum og historiske Gamle Rauma med den smukke kanal. Renoverede værelser, en indendørs pool og et gratis parkeringsområde er garanti for et vellykket besøg. ","Overlook Rauma tilbyder sine gæster renoverede, skønne værelser og alsidig service med en fantastisk beliggenhed. I vores afslappede restaurant kan du nyde både morgenmad og aftensmad og beundre udsigten over kanalen fra den dejlige terrasse om sommeren. Børnene kan hygge sig i legeområdet ved siden af restauranten.

Hotellets relaxafdeling med sauna og pool giver mulighed for en varm saunatur og en forfriskende dukkert. Hvis du vil motionere, er hotellets fitnessrum perfekt til den daglige træning under dit ophold.

Vores lyse og praktiske konferencefaciliteter er perfekte til konferencer, events og fester. Der er fri WiFi på hele hotellet.

Det er nemt at komme til og fra hotellet, som ligger i centrum af Rauma med gode transportmuligheder. Hotellet ligger ved siden af Gamle Rauma, der er en del af UNESCO’s verdensarv. Dette område med træbygninger og små, romantiske stræder er det største og bedst bevarede af sin slags i Norden og en oplevelse udover det sædvanlige. Andre af havnebyens højdepunkter inkluderer de alsidige aktiviteter til Kniplingsugen, som hylder Raumas kniplingstraditioner, samt en tur med vandbussen fra Otanlahti til fyrtårnet på øen Kylmäpihlaja.","Aittakarinkatu 9",7,"+358 2 4808 1616",4,29,"2023-08-11 13:38:28","2023-08-11 13:38:28",NULL
10,"overlook-webers","Overlook Webers","Bo midt i pulserende København på hippe Vesterbro, hvor klassisk arkitektur fra 1880'erne møder trendy indretning. Her er du tæt på restauranter, barer og små designbutikker. Vi ligger kun få minutters gang fra Tivoli, Hovedbanegården og shopping på Strøget.","Vil du bo på Vesterbro, Københavns mest populære bydel? Så er Overlook Webers hotellet for dig. Her kan du følge med i byens liv fra vores cocktailbar Cube, imens du nyder en lækker drink eller en snack. Om sommeren er vores hyggelige gårdhave et populært sted at mødes med venner eller kolleger til en forfriskende drink. Vi arrangerer gerne dit næste møde eller konference i et af vores 3 mødelokaler, der selvfølgelig har moderne av-udstyr og fri WiFi. Vores hotel har et mindre antal cykler, så du har rig mulighed for at opleve København sammen med de mange lokale cyklister. Vil du have pulsen op, ligger vi tæt på Søerne, hvor du finder en af Københavns mest populære løbestier. Ankommer du til Overlook Webers i bil, er der parkeringsmuligheder i de omkringliggende gader. Vi samarbejder desuden med Saga P-hus, ca. 100 m fra hotellet.

Dette unikke byhotel ligger i centrum af København i bydelen Vesterbro. På hippe Vesterbro finder du alt fra gourmetrestauranter og barer til små, sjove butikker. Husk at lægge et smut forbi Københavns største turistattraktioner som Tivoli, Strøget og Rundetaarn, der alle ligger inden for gåafstand af vores hotel. I vores reception kan du købe billetter med rabat til Københavns bedste attraktioner. Vores hotel ligger få minutter fra Københavns Hovedbanegård, og herfra kan du tage tog til Københavns Lufthavn, Kastrup. På Hovedbanegården kan du også fange bus og taxa hvert et øjeblik.","Vesterbrogade 11B",8,"+45 33 31 14 32",2,30,"2023-08-11 13:38:28","2023-08-11 13:38:28",NULL
11,"overlook-copenhagen","Overlook Copenhagen","Moderne, centralt beliggende hotel med storslået udsigt til Søerne og Københavns skyline. Vores hotel hører til blandt Københavns største konferencehoteller med plads op til 1100 personer. Vi har parkeringskælder og Tivoli ligger i kort afstand fra hotellet.","Bo på Overlooks største hotel i Danmark, Overlook Copenhagen med i alt 18 etager. Alle 486 værelser er moderne indrettet i et city- eller country-tema. Hotellet hører til blandt Københavns største konferencehoteller og vores fleksible konferencelokaler kan rumme fra 2 til 1100 personer. Hotellet tilbyder rig mulighed for afslapning efter dagens oplevelser. Vores barista står klar med friskbrygget, økologisk kaffe i vores stemningsfyldte lobbybar, og hotellets restaurant ”The Grill” serverer velhængte bøffer fra fritgående, dansk Angus. Rejser du med børn, er der plads til leg og underholdning i vores legerum i stueplan. Hold formen ved lige i vores moderne fitnesslokale eller lej én af vores Overlook-cykler og oplev byen fra en ny vinkel. Skal bilen parkeres, finder du parkeringsmulighed udenfor eller i kælderen under hotellet. Om morgenen kan du vågne op til vores store morgenmadsbuffet, der er inkluderet i prisen.

Vil du på weekendophold i København, skal du bo på Overlook Copenhagen. Med sin moderne indretning og optimale beliggenhed, er hotellet perfekt udgangspunkt for jeres weekend her. Vi forkæler jer med middag i restauranten. 

Overlook Copenhagen er centralt placeret i København med naturskønt område, udsigt til Søerne, shopping og seværdigheder som Tivoli lige om hjørnet. Fra hotellet kan du gå til det meste i København, men har du brug for at rejse videre, finder du Hovedbanegården og Vesterport Station få minutter fra hotellet.

Husk altid, at du får den bedste pris på Overlook Copenhagen, når du booker dit værelse her på vores website.","Vester Søgade 6",8,"+45 33143535",4,31,"2023-08-11 13:38:28","2023-08-11 13:38:28",NULL
12,"overlook-aalborg-city","Overlook Aalborg City","Bo i hjertet af Aalborg med byens mange attraktioner og butikker lige udenfor din hoteldør. Vores hotel ligger i direkte tilknytning til Aalborg Kongres og Kultur Center. Hvis du ankommer i bil, kan du parkere i vores overvågede parkeringskælder under hotellet.","Du vil straks føle dig hjemme i vores 168 moderne og komfortable værelser og suiter, der alle er indrettet med skandinavisk design. Værelserne på hotellets øverste etager har en fantastisk udsigt over Aalborg by. Mød dine venner eller kolleger til en drink i vores hyggelige lobbybar, eller få lidt arbejde for hånden ved et af bordene, mens du nyder en kop kaffe eller te. Du kan selvfølgelig også læse dagens avis, eller bare slappe af mens du betragter det travle liv i receptionen. I URBAN Food & Drink tilbyder vi lækre, hjemmelavede retter, baseret på sæsonens bedste regionale og lokale råvarer. Nyd din mad i vores hyggelige spisehjørne, eller tag den med op på værelset. Efter en lang dag i Aalborg kan du lade op og stresse af i vores fitnessrum, hvor du finder moderne udstyr, der passer til alle slags workout. Ankommer du i bil, finder du en offentlig parkeringsplads foran hotellet, men vi tilbyder også en aflåst og overvåget parkeringskælder under hotellet. Vil du udforske Aalborg på to hjul? Lån en cykel i receptionen og få en sjov og udfordrende dag.

Når du bor på vores hotel, bliver det ikke nemmere at opleve Danmarks fjerdestørste by, Aalborg. Byens mange gallerier, museer og butikker er i tæt gåafstand. Er du i Aalborg for at deltage i en konference i Aalborg Kongres og Kultur Center, er vores hotel oplagt, når du skal have en god nats søvn – vores hotel ligger nemlig i tilknytning til kulturcenteret. Hvis du besøger Aalborg med din familie, må I ikke gå glip af en tur i Aalborg Zoo. Både børn og voksne er også sikret en dejlig dag og udsigt fra Aalborg Tårnet, hvor den cirkulære bygning tilbyder en fantastisk 360-graders udsigt over Aalborg og naturen omkring. Hvis du ankommer med tog byen, ligger Overlook Aalborg City kun en kort gåtur fra banegården.","Europa Plads 1",11,"+45 70125151",3,32,"2023-08-11 13:38:28","2023-08-11 13:38:28",NULL
13,"overlook-aalborg-øst","Overlook Aalborg Øst","Går turen til Nordjylland, ligger dette hotel i Aalborg med unik beliggenhed tæt på naturområder, 10 minutter fra Aalborg centrum og lige ved motorvej E45. Vi har en stor, fleksibel møde- og konferenceafdeling. Kommer du i bil, tilbyder vi fri parkering.","Overlook Aalborg Øst har 101 nyrenoverede værelser - alle komfortabelt indrettet og mange med kig til den smukke natur omkring hotellet. Vi byder dig velkommen i vores restaurant med hyggelig stemning og et varieret menukort. Du er sikret en lækker madoplevelse, uanset om du vælger den afslappede forretningsmiddag, dagens ret eller det lette måltid. Restauranten har plads til 200 spisende gæster.

Overlook Aalborg Øst er ideelt til møder og konferencer. Vi tilbyder 9 moderne, fleksible og lyse mødelokaler med plads fra 2-300 personer. Trænger du til lidt adspredelse og afslapning, har vi en sauna og er det formen, der skal holdes ved lige, så er vores veludstyrrede fitnessrum et besøg værd. Skal bilen parkeres har vi fri parkering med ca. 90 p-pladser.

Overlook Aalborg Øst ligger meget belejligt og er let at finde lige ved motorvej E45. Hotellet er blot 2 minutters kørsel fra Aalborg Gigantium, et kultur- og idrætshus, hvor der bl.a. spilles store håndboldkampe. Der er også plads til selvforkælelse i idrætshusets spa. Overlook Aalborg Øst ligger ligeledes også godt i forhold til Skagen, Blokhus, Løkken og Nordjyllands mange attraktioner. Aalborg centrum med underholdning og butikker ligger blot en kort køretur fra hotellet.","Hadsundvej 200",11,"+45 98154500",4,33,"2023-08-11 13:38:28","2023-08-11 13:38:28",NULL
14,"overlook-silkeborg","Overlook Silkeborg","Bo midt i naturen! På Overlook Silkeborg har vi sat os for at skabe hoteloplevelser, som styrker dine naturoplevelser. Besøg hotellets pool for et afbræk eller opvarmning til dagen, læg vejen forbi vores lille værksted inden du begiver dig ud i naturen, og glæd dig til lækre og nærende måltider i vores restaurant om aftenen. Nyd en god nats søvn på vores værelser - medbragte cykler og kajakker overnatter også trygt i vores ""outdoor locker"".","Silkeborg er kåret til Danmarks ""outdoor hovedstad"", og besøger du området for at opleve dette unikke stykke natur er vores stemningsfulde hotel lidt uden for byen et oplagt valg. Det naturskønne område og hotellets faciliteter giver dig mulighed for at opretholde en aktiv hverdag - både når du er på farten med dit arbejde, eller når I holder ferie med familien. Din middag og morgenmad bliver en ren sanseoplevelse i vores orangeri-inspirerede restaurant Kildesø. Her sidder du så godt som midt i naturen med udsigt til trækronerne og adgang til terrassen, mens du finder din energi til dagen eller nyder en velfortjent middag. Trænger du til at varme op til eller slappe af efter en aktiv dag, anbefaler vi et besøg i vores opvarmede, indendørs pool, hvor du har direkte udsigt til Silkeborg Langsø. Begiver du dig ud i naturen på to hjul, har du mulighed for at lægge vejen forbi vores lille værksted, hvor du kan få smurt kæden og pumpet dækkene inden du sætter kurs mod skoven eller vaske og pleje cyklen, når du kommer retur igen. De naturskønne omgivelser udgør også de perfekte rammer for aktive møder eller kreative indslag på en mødedag. Indenfor i vores store og fleksible konferenceafdeling, står vi klar til at arrangere møder, konferencer og events for op til 260 personer. Ankommer du i bil, tilbyder vi 140 gratis parkeringspladser. Medbragte cykler eller kajakker kan opbevares i vores ""outdoor locker"".

Du har bogstavlig talt naturen lige uden for døren, når du overnatter på Overlook Silkeborg. Hotellets idylliske placering på skråningen ned mod Silkeborg Langsø giver dig både en storslået udsigt samt de bedste muligheder for at udforske alt, hvad Silkeborg har at byde på af natur og kultur. Nyd en sejltur på Silkeborgsøerne med kurs mod Himmelbjerget ombord på dampskibet Hjejlen. Eller lej en kano og sæt din egen kurs. Forkæl synssansen med kunstoplevelser på Silkeborg Museum og Museum Jorn eller tilfreds alle shoppebehov i byens mange butikker. Familiens yngste medlemmer kan få en stor oplevelse i AQUA Akvarium & Dyrepark, hvor I kommer helt tæt på de mange dyr. Vores hotel ligger ca. 3 km. fra Silkeborg centrum og offentlig transport stopper lige ved hotellet.","Udgaardsvej 2",13,"+45 86803533",4,34,"2023-08-11 13:38:28","2023-08-11 13:38:28",NULL
15,"overlook-the-mayor","Overlook The Mayor","Bo på et lækkert og indbydende hotel beliggende i hjertet af Aarhus med byens storslåede kultur- og shoppingliv lige udenfor døren. Størstedelen af hotellets værelser er nyrenoverede moderne stil, mens vores anmelderroste restaurant GÄST byder på gastronomiske oplevelser i særklasse.","Overlook The Mayor ligger i det absolutte centrum af Aarhus, omgivet af nogle af byens største attraktioner som fx Musikhuset, ARoS Aarhus kunstmuseum og Aarhus Streetfood. Desuden er der kun få skridt til gode shoppingmuligheder på både Strøget og i Bruuns Galleri. Hotellet ligger tæt på den gamle og yderst charmerende bydel, Frederiksbjerg. Kvarteret kendetegnes ved små hyggelige butikker, restauranter, madmarkeder og nye, trendy cafeer, som hele tiden kommer til. Frederiksbjergs charme kan især opleves i området omkring Jægergårdsgade, hvor pariserstemingen summer – ikke mindst om foråret, hvor de små fortovscafeer for alvor bliver vakt til live.","Banegårdspladsen 14",14,"+45 87320100",5,35,"2023-08-11 13:38:28","2023-08-11 13:38:28",NULL
16,"overlook-aarhus-city","Overlook Aarhus City","Moderne hotel midt i Aarhus med unik beliggenhed tæt på shopping, attraktioner og transportmuligheder. Èt af vores bedste hoteller for dig, som rejser i hverdagene eller nyder et weekendophold. Gå ikke glip af en gourmetoplevelse på vores populære restaurant, L'øst.","Storbyferie, romantisk ophold, konference eller netværk med kollegaer eller venner? Overlook Aarhus City har det hele! Forkæl dig selv og familien med et par dage på vores moderne hotel midt i Aarhus, der er indrettet i skandinavisk stil. Lad tænderne løbe i vand over de gode bøffer fra hotellets restaurant, L'øst. Er du til en afterwork drink, er vores bar et hyggeligt sted at slappe af og et populært mødested for vores gæster og for århusianerne. Fra nogle af vores øverste hotelværelser kan du nyde udsigten over Aarhus by, med kig til kunstmuseet ARoS og dets kendte kunstværk ""Regnbuen"", Aarhus Havn samt skovene og strandene. På taget har vi solceller, som forsyner hotellet med strøm svarende til 90% af forbruget på værelserne. Om sommeren anbefaler vi vores hjemmeavlede honning til morgenbuffeten, som stammer fra bistaderne, som også findes på taget. Hotellet er et af Danmarks mest tilgængelige hoteller med 25 handicapvenlige værelser og har et konferenceområde, som er fuldt tilgængeligt med moderne AV-udstyr. Er du i humør til sightseeing og motion kan du låne én af vores Overlook cykler og udforske Aarhus by på to hjul. Du kan også få pulsen op i vores moderne fitnessfaciliteter, som du finder under receptionen.

Tættere på Aarhus midtby og byens mange shoppingmuligheder, hyggelige cafeer og restauranter samt seværdigheder og attraktioner som Den Gamle By og ARoS - kommer du ganske enkelt ikke! Overlook Aarhus City ligger i Østergade, og lige uden for hotellet ligger ""Strøget"", Aarhus' gågade. Aarhus Banegård og busterminal er i kort afstand til hotellet.

Det siger næsten sig selv - på Overlook Aarhus City har du det perfekte udgangspunkt for et weekendophold i Aarhus. Vi sørger for en lækker 2-retters middag i restaurant L'Øst.","Østergade 10",14,"+45 89318100",3,36,"2023-08-11 13:38:28","2023-08-11 13:38:28",NULL
17,"overlook-hafjell","Overlook Hafjell","Det perfekte mødested til fornøjelser og konferencer ligger cirka to timer fra Oslo. Vores alsidige faciliteter og de spændende aktiviteter i nærheden giver vores gæster mulighed for at skræddersy deres eget event.","Vi har 25 fleksible mødelokaler for to til 500 personer. Vores hotel har en stor restaurant og en skøn lobbybar med en moderne og afslappet stemning. Med vores indendørs pool, sauna og fitnessrum har vi noget for alle.

Hafjell er det perfekte udgangspunkt for konferencer og ferier. Vores hotel ligger kun 700 meter fra en af Norges største alpinski-faciliteter, Hafjell alpinsenter, og kun 15 minutter fra Lillehammer. Det gør os til det oplagte valg for dem, der ønsker en aktiv og spændende konference eller ferie. Hunderfossen Familiepark, bobslæde- og lugebanen og fantastiske vandrestier gør Hafjell til en skøn destination, både sommer og vinter.","Hunderveien 1",15,"+47 61 27 77 77",2,37,"2023-08-11 13:38:28","2023-08-11 13:38:28",NULL
18,"overlook-victoria","Overlook Victoria","Overlook Victoria er alle tiders udgangspunkt til at opleve de aktiviteter og attraktioner, som Lillehammer har at byde på. Med sin hyggelige atmosfære og historie, som går tilbage til 1872, er dette hotel perfekt til alle, som ønsker at overnatte i et afslappet miljø på deres rejse.","Overlook Victoria er et hyggeligt hotel, som blev opført i 1872. Vi har bevaret hotellets ældste del i den gamle stil for at gøre hotellet unikt. Om morgenen bliver der serveret morgenmad i restauranten Victoriastuen, og om aftenen kan du vælge fra vores à la carte-menu, som består af lokale råvarer fra regionen. Hotellet har en konferencekapacitet for op til 200 personer og er et af de førende konferencehoteller i regionen. Vi tilbyder fri parkering, et fitnessrum og som altid, fri WiFi til vores gæster.

Besøg denne charmerende turistdestination, som er kendt for de mange gamle og hyggelige træhuse. I nærheden finder du fremragende skiruter, og hotellet er alle tiders udgangspunkt til at udforske byens aktiviteter og attraktioner. Vi anbefaler, at du afsætter lidt tid til at besøge Lillehammer Kunstmuseum, der anses som et af verdens førende kunstmuseer. Hotellet ligger på gågaden, inden for gåafstand af både busser og toge.","Storgata 84 b",15,"+47 61 27 17 00",4,38,"2023-08-11 13:38:28","2023-08-11 13:38:28",NULL
19,"grand-hotel-oslo-by-overlook","Grand Hotel Oslo By Overlook","Velkommen til Grand Hotel Oslo by Overlook. Grand Hotel Oslo er det mest ikoniske hotel i Norge og en sofistikeret kombination af komfort og elegance. Dette legendariske hotel har siden 1874 været vært for internationale gæster, berømtheder, modtagere af Nobel Fredspris – og dig.","Dette ikoniske, sofistikerede og elegante Grand Hotel Oslo har siden 1874 været vært for internationale gæster, berømtheder og Nobel Pris-vindere. Grand Hotel Oslo tilbyder kontraster og muligheder. Det har 274 værelser, inklusive 54 moderne suiter. Oplev de spændende restauranter, lobbybaren og en afslappende spa, og hold formen ved lige i fitnessrummet, eller nyd forfriskninger i baren på tagterrassen.

Grand Hotel Oslo er et historisk landemærke beliggende midt i Norges hovedstad. Med en beliggenhed på hovedgaden Karl Johans Gate er Grand Hotel Oslo kun få minutters gang fra attraktioner og alt, hvad Oslo har at byde på.

Vores Signatur-hoteller er omhyggeligt udvalgte, da de alle har deres unikke særpræg. Hotellerne har en stærk individuel personlighed og er steder, der hver især stræber efter at være en totaloplevelse.","Karl Johans gate 31",16,"+47 23 21 20 00",5,39,"2023-08-11 13:38:28","2023-08-11 13:38:28",NULL
20,"overlook-holmenkollen-park","Overlook Holmenkollen Park","Bring dit ophold i Oslo op på næste niveau! Overlook Holmenkollen Park ligger imponerende 350 meter over byen. Her kan du nyde udsigten over hovedstaden og spise på en af byens bedste restauranter. Vi anbefaler et besøg i vores skønne spa, træning i vores veludstyrede fitnessrum eller en svømmetur i vores pool.","Vores hotel er perfekt til konferencer, med 38 konferencelokaler og plads til op til 800 deltagere samt festmiddage for op til 500 gæster. Vores hotel er unikt, kendt for dets individuelle arkitektur og en historie, der går tilbage til 1894.

Med dets beliggenhed lige ved siden af Holmenkollen National Ski Arena, skimuseet og Nordmarka-skoven er der udendørsaktiviteter for alle. Der er kilometerlange vandreruter lige uden for døren, og du kan låne en cykel gratis. Om vinteren kan du tage direkte ud på verdensmesterskabernes skibaner, som strækker sig ind i Nordmarka-skoven. Oslo Vinterpark er kun få minutter fra vores hotel, og om sommeren kan du udfordre din højdeskræk i en af Norges største klatreparker.

Gør din dag endnu mere mindeværdig med et besøg i vores restaurant De Fem Stuer. Her serverer vi retter i en kunstfærdig kombination af norske retter blandet med eksotiske præg fra Italien, Frankrig og Asien.

Vores hotel ligger kun 9 km fra byen eller 30 minutter fra Oslo Centralstation via metroen.","Kongeveien 26",16,"+47 22 92 20 00",3,40,"2023-08-11 13:38:28","2023-08-11 13:38:28",NULL
21,"overlook-ishavshotel","Overlook Ishavshotel","Velkommen til Overlook Ishavshotel, som har vundet prisen for regionens bedste hotelmorgenmad 8 år i træk! Bo lige ved kajen i Tromsø, “Nordens Paris”, og nyd den fantastiske udsigt fra vores hotel. Oplev nordlyset om vinteren og midnatssolen om sommeren. I vores restaurant, Roast, kan du få frisk fisk og skaldyr. Fleksible mødelokaler og fantastiske workshop- og konferencefaciliteter.","Vores hotel har konferencefaciliteter til op til 450 deltagere, og vi kan tage os af alle typer møder, events eller konferencer. Uanset om du har været ude at udforske byen eller til konference, bør du slutte dagen af med et besøg i vores restaurant, Roast. Her kan du bestille lækker mad fra en moderne à la carte-menu, der byder på friske fisk og skaldyr samt lokalt kød – alt sammen tilberedt i vores åbne køkken. Efter aftensmaden kan du nyde en lækker drink i vores Roast Bar, som har en omfattende barmenu og et stort udvalg af lokale øl. Om morgenen er vi stolte af at tilbyde en morgenbuffet, der er blandt de bedste i landet med en 3. plads i Twinings Best Hotel Breakfast-konkurrence. Vores hotel har fri WiFi.

Bo i “Nordens Paris” med udsigt over Tromsø havn. Overlook Ishavshotel ligger kun 50 meter fra Hurtigrutens færge og 4 minutter fra Polarmuseet. I Tromsø kan du også tage på hvalsafari og nyde en midnatskoncert i Ishavskatadralen. Glem ikke at se nordlyset, hvis du er her om vinteren, eller Tromsø Midnight Sun Marathon om sommeren. Vores hotel ligger kun 6 km fra lufthavnen.","Fredrik Langesgate 2",18,"+47 77666400",4,41,"2023-08-11 13:38:28","2023-08-11 13:38:28",NULL
22,"overlook-grand-tromsø","Overlook Grand Tromsø","Her bor du i centrum af byen med lufthavnsbussen lige uden for døren. En ideel base for alle de eventyr, Tromsø har at byde på. Dans om aftenen på Gründer afslutter en dejlig dag.","Restaurant Grand byder på en stor morgenbuffet hver dag. Vores Gründer Café & Bar serverer frokost og aftensmad i en afslappet atmosfære. I weekenden bliver den til en del af Tromsøs pulserende natteliv og forvandles til den populære Gründer by Night. Vores fire mødelokaler er store og lyse, med naturligt dagslys og fri WiFi. Det største lokale har plads til op til 150 deltagere.

Vores komfortable hotel ligger centralt i Tromsø, en by omgivet af bjerge, fjorde og øer med masser at kultur og historie at byde på. Byen er udgangspunktet for at jagte nordlyset, tage på hvalsafari, tage på fisketure, cykle og meget mere. Gå ikke glip af et besøg til den smukke Arktisk-alpine botaniske have, Polarmuseet eller en tur til øen Kvaløya og Tromsø Lapland.","Storgaten 44",18,"+47 77753777",2,42,"2023-08-11 13:38:28","2023-08-11 13:38:28",NULL
23,"overlook-berlin-potsdamer-platz","Overlook Berlin Potsdamer Platz","Hotellet ligger på berømte Potsdamer Platz, lige ved siden af musicalteatre og indkøbscentre. Du kan gå til Brandenburger Tor og nemt nå andre dele af byen med metroen. Vores hotel er det grønneste i Berlin og har 16 konferencelokaler, som er perfekte til bæredygtige møder.","På Overlook Berlin Potsdamer Platz finder du 16 mødelokaler af forskellig størrelse, der kan være vært for bæredygtige events for op til 550 personer, inkl. en stor balsal med terrasse. Vores hotelfaciliteter og 60 værelser er alle fuldt handicapvenlige. Derudover rangerede vores hotel højest blandt Berlins hoteller i den aktuelle VDR Certified Green-rangering, hvilket gør det til det grønneste hotel i byen. Du kan nyde en stor morgenbuffet med mere end 100 produkter, foruden friske regionale og sæsonbestemte retter i vores ""3. etage"" restaurant. Slap af over en dejlig drink i vores bar. Den tilstødende terrasse er et populært mødested på vores grillaftener om sommeren. Sørg for at besøge vores fitnessrum, som har en enestående udsigt over Potsdamer Platz. Vores værelser er indrettet i de forskellige årstiders farvetemaer – vælg det værelse, der svarer til din yndlingsårstid!

Vores hotel, som ligger i hjertet af byen, tilbyder en fredfyldt kontrast til den travle aktivitet på Potsdamer Platz. Lige rundt om hotellet finder du Stage Theatre, som er berømt for sine musicals, Sony Center samt Filmmuseum Berlin. Der er også utroligt gode shoppingsteder, såsom Mall of Berlin, et af Europas største indkøbscentre. Efter en kort gåtur er du fremme ved Berlinmuren, Brandenburger Tor og Reichstag – Parlamentsbygningen – hvor du kan udforske Berlins historie. Andre attraktioner, samt Berlins hovedbanegård og lufthavne er lettilgængelige med offentlig transport. U2-metroen, som forbinder byens vestlige og østlige del, stopper lige foran hotellet og tager dig til Alexanderplatz, Gendarmenmarkt og Zoologischen Garten. Regionaltog stopper også ved Potsdamer Platz. Du kan nå frem til Berlin Messecenter og CityCube Messecenteret på 20 minutter med taxi eller 30 minutter med metroen, uden at skulle skifte tog.","Gabriele-Tergit-Promenade 19",19,"+49 30 7007790",5,43,"2023-08-11 13:38:28","2023-08-11 13:38:28",NULL
24,"overlook-berlin-kurfurstendamm","Overlook Berlin Kurfurstendamm","Dette Overlook-hotel er det perfekte udgangspunkt til en stor shoppetur på handelsgaden Kurfürstendamm eller et besøg i Zoologisk Have. Hold dit møde på den eksklusive 7. etage med dens imponerende udsigt over Vestberlin. Berlins messecenter er inden for nem rækkevidde. ","Hele mødeetagen på vores hotel kan bruges eksklusivt til din event eller dit møde med faciliteter for op til 140 personer. Deltagere kan holde pause på vores tagterrasse og samtidig nyde den fantastiske udsigt. Efter en lang dag kan du slappe af i et af vores moderne og komfortable hotelværelser. Forkæl dig selv med en forfriskende drink eller lækker snack fra vores shop, der er åben 24 timer i døgnet. Nyd vores grønne gårdhave, træn i vores fitnessrum med udsigt over Berlins tage, eller slap af i vores finske sauna eller tyrkiske dampbad. Vores restaurant serverer lækre måltider, og vores morgenbuffet byder på et udvalg af sunde og lokale produkter hver morgen.

Fra vores hotel kan du gå en tur til de utallige butikker og caféer på handelsgaden Kurfürstendamm, samt til det berømte stormagasin KaDeWe med dets berømte fødevareafdeling. Du kan få design- og livsstilsprodukter i konceptindkøbscenteret Bikini Berlin. Din rejseplan må absolut omfatte et besøg til det interaktive museum The Story of Berlin og den historiske Kaiser Wilhelm Gedächtniskirche. Eller få alle tiders familieudflugt til Berlin Zoologisk Have og Aquarium Berlin! Hvis du er på forretningsrejse i Berlin, har du meget nem adgang til messecentret Berlin ExpoCenter City fra vores hotel. Efter 15 minutter med taxi eller 20 minutter med metro kan du være fremme ved CityCube.","Augsburger Straße 5",19,"+49 30 212 42 0",3,44,"2023-08-11 13:38:28","2023-08-11 13:38:28",NULL
25,"overlook-hamburg-emporio","Overlook Hamburg Emporio","Vores moderne hotel kan prale af en ideel beliggenhed i det centrale Hamborg: Lige ved Gänsemarkt torv og ikke langt fra byens kongrescenter. Det giver usædvanlig god valuta for pengene, når du tager dets beliggenhed i betragtning. Hold dine møder på et hotel, der har modtaget en række priser for dets bæredygtighed!","Vi tilbyder vores gæster fremragende, meget lyse og fuldt handicapvenlige mødefaciliteter med udsigt over Hamborgs skyline. Arranger dine konferencer og events hos os – vores største lokale har plads til op til 120 personer.

Motion er nøglen til et afbalanceret liv, så deltag i vores løbearrangement ""Running with Friends"" mandage og onsdage. Derefter kan du slappe af i en af vores saunaer eller fortsætte din workout i vores fitnessrum. Nyd regionale retter, der er inspireret af mottoet ""Hamburg - Stockholm"" i vores restaurant, bar og lounge H2O, hvor du også kan runde din aften af med en dejlig gin og tonic.

Overlook Hamburg Emporio kan prale af en ideel beliggenhed i Hamborg centrum, lige ved siden af Gänsemarkt torv. CCH Congress Centre Hamburg ligger mindre end 1 km væk. Man skal blot træde ud af hovedindgangen for at komme til koncert i koncertsalen Laeiszhall. Byens mest berømte shoppinggader, herunder Jungfernstieg, ligger alle inden for gåafstand. Det er nemt at komme rundt til andre seværdigheder med metroen, som stopper lige ved vores hotel.

Hvis din Hamborg-ønskeseddel omfatter at se en musical, tage en løbetur langs floden Alster eller nyde en afslappende pause i parken Planten un Blomen, er vores hotel det perfekte udgangspunkt. Du kan også følge i Beatles' fodspor – de begyndte deres karriere i det nærliggende underholdningsdistrikt Reeperbahn!","Dammtorwall 19",20,"+49 40 4321 870",4,45,"2023-08-11 13:38:28","2023-08-11 13:38:28",NULL
26,"overlook-frankfurt-museumsufer","Overlook Frankfurt Museumsufer","Overnat på vores nyåbnede hotel Overlook Frankfurt Museumsufer midt i Frankfurts pulserende centrum, og nyd udsigten over Frankfurts skyline og Main-flodens bredder. Beliggenheden mellem Messe Frankfurt og Museumsufer giver både forretningsrejsende og turister den perfekte indkvartering.","I vores nydesignede konferenceområde finder du 7 konferencelokaler, det største med plads til 285 personer, og de er alle udstyret med den nyeste konferenceteknologi. Vores innovative konferenceprogram tilbyder forfriskende måltider, og vores prisbelønnede bæredygtighedsstrategi sørger for, at mødet forløber gnidningsfrit – og med god samvittighed.

Og som en sporty modsætning til en travl dag er vores fitnessrum med et udvalg af maskiner til styrke- og kredsløbstræning åbent døgnet rundt.

I vores restaurant tilbyder vi en overdådig Overlook-morgenbuffet og en omfattende menu.

Vores hotel ligger i centrum af Frankfurt, kun 5 minutters gang fra hovedbanegården i det livlige Bahnhofsviertel. Udover et stort udvalg af restauranter ligger Frankfurt-operaen, Schauspielhaus-teatret og Märchenbrunnen-springvandet alle få minutters gang fra vores hotel. Museumsufer over for hotellet tilbyder med mere end 20 museer et stort udvalg af moderne og historiske udstillinger. Og dem, der vil tage den med ro, kan slentre langs Main-flodens bredder.","Wilhelm-Leuschner-Straße 44",21,"+49 69 9074 59 0",5,46,"2023-08-11 13:38:28","2023-08-11 13:38:28",NULL
27,"overlook-gdansk","Overlook Gdansk","Overlook Gdansk ligger centralt i hjertet af Gdansk - et stenkast fra byens fornøjelser. Vi har dampbad, fri WiFi og gode mødefaciliteter.","Gå på opdagelse i Gdansk, eller træn i hotellets veludstyrede fitnessafdeling, og slut af med et opkvikkende besøg i dampbadet. Tag en drink i den hyggelige hotelbar. Hotellets mødeafdeling har otte fleksible konferencelokaler med plads til 330 personer.

Overlook Gdansk ligger centralt i kystbyen Gdansk. Hotellet er moderne og ligger tæt på den gamle bydel i Gdansk, som er fuld af restauranter, caféer, natklubber, barer og butikker. Med hotellet som udgangspunkt har du mange muligheder for at gå på opdagelse i byens smukke parker, nyde kulturtilbud eller gå en tur langs kysten.","Podwale Grodzkie 9",22,"+48 58 300 6000",3,47,"2023-08-11 13:38:28","2023-08-11 13:38:28",NULL
28,"overlook-wroclaw","Overlook Wroclaw","Fra dit moderne hotelværelse i klassisk eller skandinavisk stil kan du gå til markedspladsen og den gamle bydel i Wroclaw på bare 10 minutter. Vores hotel byder på alsidige konferencefaciliteter for op til 300 deltagere samt byens bedste kaffepause. ","Med 10 alsidige møde- og konferencelokaler, moderne mødeteknologi og en lækker konferencemenu kan vi arrangere din event lige efter dine ønsker. Efter dit møde eller lidt sightseeing kan du besøge vores restaurant og bar “STOCKHOLM eat and drink”, hvor du kan prøve de lokale specialiteter, nyde live musik eller få et godt grin ved vores månedlige standup-show. Du kan også vælge at træne i fitnessrummet efterfulgt af et afslappet øjeblik i saunaen. Når dagen er slut, kan du få en god nattesøvn i vores værelser, der er dekoreret med klassisk eller moderne skandinavisk design.

Overlook Wroclaw ligger tæt på masser af populære seværdigheder, hyggelige caféer, teatre, operaen og philharmonien. Vi tilbyder det perfekte udgangspunkt, når du vil udforske den fascinerende labyrint af broer og øer, som denne by består af. På bare 10 minutter er du på markedspladsen i den historiske gamle bydel eller på banegården. Gå ikke glip af Africarium, et kompleks i Wroclaw Zoo, der som det eneste i verden er dedikeret til afrikanske vandbaserede arter og økosystemer. Lufthavnen ligger kun 30 minutters kørsel væk.","49/57 Pilsudskiego Street",23,"+48 71 7870000",1,48,"2023-08-11 13:38:28","2023-08-11 13:38:28",NULL
30,"overlook-grand-hotel-reykjavik","Overlook Grand Hotel Reykjavik","Grand Hotel Reykjavik ligger i centrum af Reykjavík, i nærheden af en koncertsal, bistroer og en zoo. Stedet åbnede i 1987 og ombygget i 2009, og byder gæsterne på 311 værelser. Det tilbyder en varm atmosfære og fremragende tjenester","Placeret ved Reykjavik Rådhus er stedet 2,7 km fra Islands Nationalmuseum. Stedet er 1 km væk fra centrum af Reykjavík.

En lagune og en botanisk have er også i nærheden.

Hvert elegant værelse udstyret med centralvarme, kabel-tv og en mikrobølgeovn. Gæsterværelserne har udsigt over havet. Der er et eget bad med en hårtørrer, et spabadekar og toiletartikler.

Hotellet har en buffet morgenmad dagligt. Den lokale restaurant serverer islandsk køkken. Kaffe baren tilbyder kaffe og te samt gratis WiFi og en åben pejs. Gæsterne kan nyde et måltid i VOX Restaurant, Brasserie Askur og Quest Saloon, der ligger omkring 300 meter væk.

Hotellet er ideelt placeret i nærheden af Keflavík International lufthavn.

Der tilbydes også gratis shuttleservice til byen, tøjvask og en strygeservice på Grand Hotel Reykjavík.

På stedet er der tilgængelige indendørs opvarmet pool, en gårdhave og en fælles lounge. Ejendommen tilbyder fitness-lektioner og et træningscenter for at holde formen.","Sigtun 38",24,"+354 514 8000",4,51,"2023-08-11 13:38:28","2023-08-11 13:38:28",NULL
31,"overlook-blue-lagoon","Overlook Blue Lagoon ","Bliv behandlet som en stjerne med verdensklasses service hos Overlook Blue Lagoon Iceland. Der er et underjordisk spa, geotermisk lagune og restaurant som genskaber Islands kulinariske traditioner. Dette luksushotel med 62 suiter er omgivet af Blue Lagoons mineralrige vand.
","Hotellet ligger i hjertet af det ekstraordinære vulkanske grænseområde, og alle gæster har ubegrænset adgang til Retreat Spa, Retreat Lagoon, Blue Lagoon og Blue Lagoon Ritual samt hudplejefaciliteter. Hver suite er designet til ultimativ gæstfrihed og velvære og er fundamentet for en afslappende, foryngende og udforskende oplevelse.

Dette hotel byder på daglige guidede grupperejser og yoga-sessioner samt eftermiddagskinesisk kaffe i den fælles lounge. Der er døgnåben reception, concierge-service og parkeringsservice. Der serveres a la carte-morgenmad hver morgen.

Gæster på Retreat at Blue Lagoon Iceland vil kunne nyde aktiviteter i og omkring Grindavík såsom vandreture. Der er også fitnesscenter på overnatningsstedet som gæsterne har adgang til. Keflavík Lufthavn ligger kun 23 km fra overnatningsstedet.

Dette overnatningssted har fået en af de bedste karakterer i Grindavík for beliggenheden! Gæsterne synes bedre om den i forhold til andre overnatningssteder i området.

Par er særligt glade for beliggenheden – de har givet den karakteren 9,8.

Dette overnatningssted har fået en god karakter for ""Valuta for pengene"" i Grindavík! Gæsterne får mere for pengene i forhold til andre overnatningssteder i byen.

","Norðurljósavegur 9",29,"+354 420 8800",5,53,"2023-08-11 13:38:28","2023-08-11 13:38:28",NULL
