"id","title","filename","created_at","updated_at"
1,"Frankfurt Skyline ©","frankfurt-skyline-germany.jpg","2023-08-11 13:19:49","2023-08-11 13:19:49"
2,"Gdansk Center Church ©","gdansk-center-church-poland.jpg","2023-08-11 13:19:49","2023-08-11 13:19:49"
3,"Møns Klint, Danmark ©","mons-klint-denmark.jpg","2023-08-11 13:19:49","2023-08-11 13:19:49"
4,"National Park, Sverige ©","national-park-sweden.jpg","2023-08-11 13:19:49","2023-08-11 13:19:49"
5,"National Park, Finland ©","nature-park-finland.jpg","2023-08-11 13:19:49","2023-08-11 13:19:49"
6,"Solnedgang, Norge ©","sunset-mountains-norway.jpg","2023-08-11 13:19:49","2023-08-11 13:19:49"
7,"Havnen i Gøteborg ©","harbour-gothenburg.jpg","2023-08-11 13:19:49","2023-08-11 13:19:49"
8,"Havnefront, Stockholm ©","waterfront-stockholm.jpg","2023-08-11 13:19:49","2023-08-11 13:19:49"
9,"Tagtoppe, Helsinki ©","rooftops-helsinki.jpg","2023-08-11 13:19:49","2023-08-11 13:19:49"
10,"Landskab, Jönköbing ©","landscape-jonkobing.jpg","2023-08-11 13:19:49","2023-08-11 13:19:49"
11,"Gadedøre, Rauma ©","streetdoors-rauma.jpg","2023-08-11 13:19:49","2023-08-11 13:19:49"
12,"Nyhavn, København ©","nyhavn-copenhagen.jpg","2023-08-11 13:19:49","2023-08-11 13:19:49"
13,"Streetart, Aalborg ©","streetart-aalborg.jpg","2023-08-11 13:19:49","2023-08-11 13:19:49"
14,"Hjuldamper, Silkeborg ©","hjuldamper-silkeborg.jpg","2023-08-11 13:19:49","2023-08-11 13:19:49"
15,"Solnedgang, Aarhus Havn ©","solnedgang-aarhus-havn.jpg","2023-08-11 13:19:49","2023-08-11 13:19:49"
16,"Luftfoto, Lillehammer ©","luftfoto-lillehammer.jpg","2023-08-11 13:19:49","2023-08-11 13:19:49"
17,"Operahuset i Oslo ©","operahus-oslo.jpg","2023-08-11 13:19:49","2023-08-11 13:19:49"
18,"Luftfoto, Tromsø ©","harbour-tromso.jpg","2023-08-11 13:19:49","2023-08-11 13:19:49"
19,"TV Tårnet i Berlin ©","teletower-berlin.jpg","2023-08-11 13:19:49","2023-08-11 13:19:49"
20,"Fiskemarked, Hamborg ©","fishmarket-hamborg.jpg","2023-08-11 13:19:49","2023-08-11 13:19:49"
21,"Center Square, Wroclaw ©","center-square-wroclaw.jpg","2023-08-11 13:19:49","2023-08-11 13:19:49"
22,"Hotel Overlook Europa ©","overlook-europa.jpg","2023-08-11 13:19:49","2023-08-11 13:19:49"
23,"Hotel Overlook Crown ©","overlook-crown.jpg","2023-08-11 13:19:49","2023-08-11 13:19:49"
24,"Hotel Overlook Grand Central ©","overlook-gc-stockholm.jpg","2023-08-11 13:19:49","2023-08-11 13:19:49"
25,"Hotel Overlook Haymarket ©","overlook-haymarket.jpg","2023-08-11 13:19:49","2023-08-11 13:19:49"
26,"Hotel Overlook Portalen ©","overlook-portalen.jpg","2023-08-11 13:19:49","2023-08-11 13:19:49"
27,"Hotel Overlook Grand Marina ©","overlook-grand-marina.jpg","2023-08-11 13:19:49","2023-08-11 13:19:49"
28,"Hotel Overlook Seurahuone ©","overlook-seurahuone.jpg","2023-08-11 13:19:49","2023-08-11 13:19:49"
29,"Hotel Overlook Rauma ©","overlook-rauma.jpg","2023-08-11 13:19:49","2023-08-11 13:19:49"
30,"Hotel Overlook Webers ©","overlook-webers.jpg","2023-08-11 13:19:49","2023-08-11 13:19:49"
31,"Hotel Overlook Copenhagen ©","overlook-copenhagen.jpg","2023-08-11 13:19:49","2023-08-11 13:19:49"
32,"Hotel Overlook Aalborg City ©","overlook-aalborg-city.jpg","2023-08-11 13:19:49","2023-08-11 13:19:49"
33,"Hotel Overlook Aalborg Øst ©","overlook-aalborg-oest.jpg","2023-08-11 13:19:49","2023-08-11 13:19:49"
34,"Hotel Overlook Silkeborg ©","overlook-silkeborg.jpg","2023-08-11 13:19:49","2023-08-11 13:19:49"
35,"Hotel Overlook Mayor ©","overlook-the-mayor.jpg","2023-08-11 13:19:49","2023-08-11 13:19:49"
36,"Hotel Overlook Aarhus City ©","overlook-aarhus-city.jpg","2023-08-11 13:19:49","2023-08-11 13:19:49"
37,"Hotel Overlook Hafjell ©","overlook-hafjell.jpg","2023-08-11 13:19:49","2023-08-11 13:19:49"
38,"Hotel Overlook Victoria ©","overlook-victoria.jpg","2023-08-11 13:19:49","2023-08-11 13:19:49"
39,"Hotel Overlook Grand  ©","overlook-grand-hotel.jpg","2023-08-11 13:19:49","2023-08-11 13:19:49"
40,"Hotel Overlook Holmenkollen Park ©","overlook-holmenkollen.jpg","2023-08-11 13:19:49","2023-08-11 13:19:49"
41,"Hotel Overlook Ishavshotel ©","overlook-ishavshotel.jpg","2023-08-11 13:19:49","2023-08-11 13:19:49"
42,"Hotel Overlook Grand Tromsø ©","overlook-grand-tromsoe.jpg","2023-08-11 13:19:49","2023-08-11 13:19:49"
43,"Hotel Overlook Potsdamer Platz ©","overlook-potsdamer-platz.jpg","2023-08-11 13:19:49","2023-08-11 13:19:49"
44,"Hotel Overlook Kurfurstendamm ©","overlook-kurfurstendamm.jpg","2023-08-11 13:19:49","2023-08-11 13:19:49"
45,"Hotel Overlook Hamburg Emporio ©","overlook-hamburg-emporio.jpg","2023-08-11 13:19:49","2023-08-11 13:19:49"
46,"Hotel Overlook Frankfurt Museumsufer ©","overlook-frankfurt-museumsufer.jpg","2023-08-11 13:19:49","2023-08-11 13:19:49"
47,"Hotel Overlook Gdansk ©","overlook-gdansk.jpg","2023-08-11 13:19:49","2023-08-11 13:19:49"
48,"Hotel Overlook Wroclaw ©","overlook-wroclaw.jpg","2023-08-11 13:19:49","2023-08-11 13:19:49"
49,"Seljalandvoss, Island ©","seljalandvoss-iceland.jpg","2023-08-11 13:19:49","2023-08-11 13:19:49"
50,"Luftfoto af Reykjavik ©","city-houses-reykjavik.jpg","2023-08-11 13:19:49","2023-08-11 13:19:49"
51,"Overlook Grand Hotel Reykjavik©","overlook-grand-hotel-reykjavik.jpg","2023-08-11 13:19:49","2023-08-11 13:19:49"
52,"Lagune Landskab Keflavik ©","lagoon-keflavik.jpg","2023-08-11 13:19:49","2023-08-11 13:19:49"
53,"Hotel Overlook The Blue Lagoon ©","the-blue-lagoon.jpg","2023-08-11 13:19:49","2023-08-11 13:19:49"
62,"Economy Badeværelse ©","room-economy-bathroom.jpg","2023-08-11 13:19:49","2023-08-11 13:19:49"
63,"Economy Soveværelse ©","room-economy-bedroom.jpg","2023-08-11 13:19:49","2023-08-11 13:19:49"
64,"Junior Suite Soveværelse ©","room-junior-suite-bedroom.jpg","2023-08-11 13:19:49","2023-08-11 13:19:49"
65,"Junior Suite Stue ©","room-junior-suite-livingroom.jpg","2023-08-11 13:19:49","2023-08-11 13:19:49"
66,"Junior Suite Minibar ©","room-junior-suite-minibar.jpg","2023-08-11 13:19:49","2023-08-11 13:19:49"
67,"Junior Suite Arbejdsplads ©","room-junior-suite-workplace.jpg","2023-08-11 13:19:49","2023-08-11 13:19:49"
68,"Presidential Soveværelse ©","room-presidental-suite-bedroom.jpg","2023-08-11 13:19:49","2023-08-11 13:19:49"
69,"Presidential Etager ©","room-presidental-suite-floors.jpg","2023-08-11 13:19:49","2023-08-11 13:19:49"
70,"Presidential Stue ©","room-presidental-suite-livingroom.jpg","2023-08-11 13:19:49","2023-08-11 13:19:49"
71,"Standard Soveplads ©","room-standard-bed.jpg","2023-08-11 13:19:49","2023-08-11 13:19:49"
72,"Standard Soveværelse ©","room-standard-bedroom.jpg","2023-08-11 13:19:49","2023-08-11 13:19:49"
73,"Standard Badeværelse ©","room-standard-shower.jpg","2023-08-11 13:19:49","2023-08-11 13:19:49"
74,"Standard Single Soveplads ©","room-standard-single-bed.jpg","2023-08-11 13:19:49","2023-08-11 13:19:49"
75,"Superior Soveplads ©","room-superior-bedroom.jpg","2023-08-11 13:19:49","2023-08-11 13:19:49"
76,"Superior Plus Soveværelse ©","room-superior-plus-bedroom.jpg","2023-08-11 13:19:49","2023-08-11 13:19:49"
77,"Superior Plus Stol ©","room-superior-plus-chair.jpg","2023-08-11 13:19:49","2023-08-11 13:19:49"
78,"Superior Plus Stue ©","room-superior-plus-livingroom.jpg","2023-08-11 13:19:49","2023-08-11 13:19:49"
79,"Landwerhkanal Berlin","nyhed-berlin.jpeg","2023-08-11 13:19:49","2023-08-11 13:19:49"
80,"Gdansk Havn","nyhed-gdansk.jpeg","2023-08-11 13:19:49","2023-08-11 13:19:49"
81,"Island ","nyhed-island.jpeg","2023-08-11 13:19:49","2023-08-11 13:19:49"
82,"Hamborg Kanal","nyhed-hamborg.jpeg","2023-08-11 13:19:49","2023-08-11 13:19:49"
83,"Frankfurt By Night","nyhed-frankfurt.jpeg","2023-08-11 13:19:49","2023-08-11 13:19:49"
84,"Stockholm - Perle i Sverige","nyhed-stockholm.jpeg","2023-08-11 13:19:49","2023-08-11 13:19:49"
